<?xml version="1.0"?>
<ruleset name="ExampleRuleset">
    <description>Every Java Rule in PMD from
        'https://github.com/pmd/pmd/blob/master/pmd-core/src/main/resources/rulesets/internal/all-java.xml'
    </description>
    <rule ref="category/java/bestpractices.xml"/>
    <rule ref="category/java/design.xml">
        <exclude name="LawOfDemeter"/>
    </rule>
    <rule ref="category/java/errorprone.xml">
        <exclude name="BeanMembersShouldSerialize"/>
    </rule>
    <rule ref="category/java/multithreading.xml"/>
    <rule ref="category/java/performance.xml"/>
    <rule ref="category/java/security.xml"/>
    <!--
    <rule ref="category/java/codestyle.xml" />
    <rule ref="category/java/documentation.xml" />
    -->
</ruleset>